userName,score,at,content
Lestari,5,2026-04-29 14:14:10,👍👍👍
Hendra ika,3,2026-04-29 13:41:11,"kenpa setiap buka aplikasi selalu terhenti,mhn dbantu"
Parlin Nababan,5,2026-04-29 13:20:37,cukup
Tesa 1406,5,2026-04-29 13:18:24,proses mudah dan cepat
Devino Primanda,1,2026-04-29 12:33:49,login saja tidak bisa
Riska Permana Wati,5,2026-04-29 11:30:52,Sangat baik
Yan Antono,5,2026-04-29 10:20:34,mudah digunakan
Teguh Wahyuni,1,2026-04-29 10:06:36,gak bisa di buka di hp Oppo A31 kenapa yah
suprapno suprapno,5,2026-04-29 09:11:50,"aplikasi ga bisa dibuka, knapa?"
Natasha Sekar Ayu,1,2026-04-29 08:10:09,"mau antri online lewat lapak asik. mantap buat nunggu upload foto KTP sampe makan waktu hampir 1 jam, nomor call center tidak bisa dihubungi. hadeh... pelayanan pemerintah knp begini bgt ya, apa lapor ke ""Lapor Mas Gibran"" soalnya websitenya jelek bgt"
Hey Marsella,1,2026-04-29 08:08:35,"mau antri online lewat lapak asik. mantap buat nunggu upload foto KTP sampe makan waktu hampir 1 jam, nomor call center tidak bisa dihubungi. hadeh... pelayanan pemerintah knp begini bgt ya, apa lapor ke ""Lapor Mas Gibran"" soalnya websitenya elek nemen"
Rina Wahyuningsih,5,2026-04-29 08:05:42,pelayanan baik dan ramah
Faroja Nur Savira,5,2026-04-29 07:54:54,puas SM apk nya
Aris Cungis,1,2026-04-29 07:54:34,"setelah di perbarui kenapa gabisa login, tombol login di pencet tapi gabisa kalau salain itu bisa semisal mencet tombol buat akun /lupa sandi bisa tapi knp mau login/mencet tombol login gabisa sama sekali"
The Jedhig,4,2026-04-29 07:42:49,"di adroid 13 samsung gak bisa dibuka, kenapa ya"
Gustina Sari,5,2026-04-29 07:39:15,Sangat membantu untuk para karyawan seperti kami yang ingin mengecek hak kami sebagai peserta bpjs di perusahaan
Surya Vegantara,1,2026-04-29 07:27:02,JMO gak jelas email sudah bener password dah bener masih susah login..signal juga 4G+...mau alasan apa lagi
Avril Hakim,2,2026-04-29 07:12:21,masalah di login masuk saat melakukan kata sandi nya lama banget. LEMOTTT
Faysal Gilang Febriansyah,5,2026-04-29 06:51:38,Sangat membantu
Rapli 23,1,2026-04-29 06:24:35,"saat ingin verivikasi biometrik malah diminta tersenyum, gimana untuk orang yang tidak bisa tersenyum (permintaannya aneh banget)"
Zakir Ode,5,2026-04-29 06:16:49,pengkinian data suka error
Ikhlasul Amal,5,2026-04-29 06:02:55,semoga aplikasi jmo ini semakin banyak manfaatnya
Nur Kholis,5,2026-04-29 05:59:09,"pengkinian data susah, tolong di perbaiki aplikasinya"
Manzari Syahputra,3,2026-04-29 05:56:04,saya saat ini mengalami keluhan mohon di tindak lanjuti saya mau pengkinian data namun tidak bisa
Rachmat Kurnia,5,2026-04-29 05:47:55,kaga bisa dibuka diperangkat android 14 tolong infonya
Ruth SarHut,1,2026-04-29 05:42:39,"aneh sekali aplikasi ini. saya mau buat akun , namun sudah terdaftar, setelah saya input email dan password nya, tdk ada akses."
guns gs,5,2026-04-29 05:26:08,klaim 10% loading data nya lama meluluu
Feriati Djara,5,2026-04-29 05:23:33,sukses
Rosyid Tukiman,5,2026-04-29 05:05:27,sangat bermanfaat
Ilham Maulana,1,2026-04-29 04:55:28,apliakasi tidak berguna sama sekali mending langsung ke kantornya sja
Ella Firanti,5,2026-04-29 04:50:44,"bagus ok, job"
Wahyu Awe,5,2026-04-29 04:31:28,kenapa tdk bisa di buka aplikasinya
ICHSAN P,5,2026-04-29 04:11:26,sangat mudah dan ramahh
amy alviyani,5,2026-04-29 04:04:32,.sangat membantu sekali
Sri Wulandari,5,2026-04-29 03:46:56,"Mantapp, sangat cepat pencairan nya ga sanpai 2 menit cairkan JHT"
Budi Santoso,5,2026-04-29 03:22:52,sat set whazz whuzzz...
Desi,4,2026-04-29 03:21:03,sering logout dengan sendirinya dan kadang susah untuk login lagi
X Bloodz,1,2026-04-29 03:15:28,"Aplikasi kontolllllll gak Mempermudah proses malah dipersulitt ini gimana yg buat Aplikasi, emang sengaja disetting agar tidak cair apa gimana ini, uang"" kita kenapa dipersulitttt emang aplikasi Babi"
Tofan Feri,5,2026-04-29 03:15:06,mantap
yuli Setiarini,5,2026-04-29 03:14:01,oke
imam abrori,5,2026-04-29 03:06:37,good
Onon Siregar,5,2026-04-29 02:53:23,sangat membantu
Efrizaldi Agussaputra,5,2026-04-29 02:53:12,sangat membantu
Nasriel Nompo,5,2026-04-29 02:50:26,sangat bagus dan sangat membantu
Bertha Hutajulu,5,2026-04-29 02:46:38,Melayani dengan baik & cepat
Ezra Alamsyah,5,2026-04-29 02:44:06,bagus bangetv
Toto Heryanto,5,2026-04-29 02:00:36,baik sangat bermanfaat
Ashr R,5,2026-04-29 01:51:08,sangat memudahkan tanpa harus antri berdesakan dikantor pelayanan
Nazar Nazar,5,2026-04-29 01:22:15,mantap
Cicih Cicih,1,2026-04-29 01:17:29,"login aja susah, suruh daftar online, yg bnr aja, gila dong"
intan dapenbun,5,2026-04-29 01:02:16,"Alhamdulillah, sangat memuaskan, semoga BPJS lebih baik lagi, trmks atas kerja samanya Sehat, Succes serta selalu dlm lindungan Allah 🙏"
November King,5,2026-04-29 00:59:31,👍🏻
Asep Soleh,1,2026-04-28 23:51:57,jmo rusak kah
dfactor y,1,2026-04-28 22:00:50,"jika bisa dana siaga netral, terkait instansi bisa rekom tdk hanya 1 atau 2 saja, kemudian dr masa kerja atau saldo seharusnya, mempermudah proses dan transparan terlihat di data"
Super Herro95,5,2026-04-28 18:52:33,"untuk BPJS Penerima upah sudah terdftar, setelah kembali login ke akun dengan data yang sesuai, mlah di bilangnya slaah, untuk fitur lupa sandi dan akun juga nihil hasilnya, bantuannya dong?"
Ilhamarham Ilhamarham,2,2026-04-28 18:37:42,di hp ku nda bisa terbuka tolong dong
Moch. Wahyudi,1,2026-04-28 17:05:12,Gagal login terus bos...!!!
paijo celeng,1,2026-04-28 14:23:59,"aplikasi kalau punya pemerintah itu pasti banyak kendala. anggaran aja yg gede, bikin aplikasi simple aja banyak bug."
blade 86,5,2026-04-28 14:06:34,kok g bisa di buka ya
Dwi Wijaya,5,2026-04-28 13:40:01,mntap
arti ariefa,5,2026-04-28 12:18:06,verifikasi biometrik memang agak butuh perjuangan tapi secara umum sangat baik dan ramah pengguna dan bermanfaat
Daris,2,2026-04-28 11:11:16,"muncul aplikasi berhenti terus,tidak bisa di buka di samsung s8plus android 9"
Awalisa Miftakhul Jannah,5,2026-04-28 10:56:22,bagus aplikasinya
BDR,5,2026-04-28 10:55:07,cepat dan informasi sangat membantu
nonna Kali,5,2026-04-28 10:29:16,terimakasih
bandiyo hartono,5,2026-04-28 10:05:27,ramah mudah
Jujun Junaedi,5,2026-04-28 10:01:46,bagus
Muzakkir Sakir,2,2026-04-28 09:59:30,aku ndk bisa masuk katanya aku. SDH terdaftar padahal baru pertama kalinya ini mau daftar
Toto Raharjo,5,2026-04-28 09:40:04,mantap
irianto lasena,5,2026-04-28 09:14:56,bagus apk nya membantu
Usman Amin,5,2026-04-28 09:12:31,"sangat memuaskan atas pelayanan terhadap kami, pengguna BPJS ketenagakerjaan dan trimakasih"
Tomi Tom,2,2026-04-28 08:44:31,labat respon
Dhep canel bravo586,4,2026-04-28 08:21:21,"mungkin ada yang salah dengan aplikasi baru JMOnya, kok muncul cuma 1 pilihan.. Bukan penerima upa"
Yaumal Basyar,5,2026-04-28 08:02:09,Lebih mudah lewat JMO
Puji Rahayu,5,2026-04-28 07:34:16,sangat membantu
Urip Tea,5,2026-04-28 07:25:56,mantap aplikasinya
Yos Lino,5,2026-04-28 07:20:25,Mudah dan cepat
Saleh Saban,5,2026-04-28 07:14:36,klaim lancar
Siti Nur,5,2026-04-28 07:12:10,ramah mudah
Wawan John,5,2026-04-28 07:05:19,klaim jhy cepat
Rahman Lamusu,5,2026-04-28 06:44:11,sangat puas
Herry Juliadi,5,2026-04-28 06:09:42,sabgat membantu dalam proses klaim
Roman Ardiansyah,5,2026-04-28 05:52:03,baik
Indrok86aFM,3,2026-04-28 05:49:51,padhal sandi dan akun gogle udh benar tapi gak. bisa login
Zakaria,1,2026-04-28 05:38:18,Min solusi di huawei gak bis adibuka aplikasi terus berhenti kalo. Versi lama bisa
Haryono Tamar,5,2026-04-28 05:31:05,Sangat baik dan Terima kasih.
Andre Bagus,5,2026-04-28 05:17:37,sangat bagus pelyanannya
Ardani,5,2026-04-28 05:12:46,sangat membantu
Tuan Irsada,1,2026-04-28 05:07:02,"aplikasi anjeng ini,, pencarian alamat ga bisa. scan wajah susah"
atreides paperthermal,1,2026-04-28 05:04:20,"bapuk kalim jht aja tidak dapat terhubung ke server, manual ke kantor 1 minggu"
Taufik Hidayatullah Karin,1,2026-04-28 05:02:59,GA BISA LOGIN
Hendra Permana,5,2026-04-28 05:02:55,sippp
Aang Khunaifi,1,2026-04-28 04:57:03,"aplikasi tidak bisa dibukak,mental"
Tia Silvani,3,2026-04-28 04:07:02,tidak bisa login. bisa nya dihp yg satu lg baru bisa dibuka . kenapa ya?
Yusuf Kata,1,2026-04-28 04:05:13,good
Eti Ratnasari,1,2026-04-28 03:38:52,"kacau BPJS skrng mah..udah daftar antrian online pas udah daftar ga ada no antrian..pas ke kantor harus ambil lgi antrian,,terus fungsi dftr online apa,KLO ujung ujung ngantri panjang lagi..aneh ya skrng mah,sudah tertera terpasang di spanduk ( ga prlu ngantri danpatkan no antrian secara online,,ttp aj preet)"
Ari Iswara,3,2026-04-28 03:08:01,"Aplikasinya bagus tapi kenapa setiap mau login kadang susah mau masuk menurut saya itu hal yang sangat menganggu apa ada perbaikan atau masalah lainnya, tlong di perbaiki aplikasinya agar tetap nyaman di gunakan Terima kasih"
Batu Kering,4,2026-04-28 03:02:01,ok
Muhammad ihsan,1,2026-04-28 02:47:01,apk apaan ga bisa di buka di android 16 dan iphone wkwk kocak kocak
Akhmed Sidik,5,2026-04-28 02:41:30,ok
Teo Afandi,5,2026-04-28 02:41:28,baik
Januarius Tani,4,2026-04-28 02:28:06,Semoga bermanfaat
Jani Fc,1,2026-04-28 02:12:54,kenapa saya tidak bisa masuk ke akun. email dan sandi sudah di tulis. tapi di tekan tombol login nya GX ada respon
Hendra Marcelino,5,2026-04-28 01:56:16,"sudah di instal beberapa kali,tapi susah banget masuknya kenapa yaa,tolong dibantu yaa"
"Dam, an ali Pitram",3,2026-04-28 01:50:48,"makin hari makin ribet apk JMO ini selalu alasan keamanan itu pihak admin tdk mikir kalo buat aturan baru, setiap habis lodiang apk akan log out sendiri lodiang lagi tdk bisa lagi sampai sekarang akun aku terblokir gara gara masukan password salah 3 x, tolong buat admin sistem ya di perbaiki lagi ribet pakai sistem sekarang tdk seperti tahun sebelumnya"
Norii Melania,5,2026-04-28 01:39:06,layanan cepat & Mudah
Abu Kelana,5,2026-04-28 01:37:31,"sangat membantu, good process & service"
Firda Maulidiyah,1,2026-04-28 00:33:46,"pengkinian datanya susah, banyak file yang harus disiapkan, ketika keluar dari apk mulai dari awal lagi terus sprti itu smpe 3x udh gabisa masuk lagi deh. parah!"
GenQsa 1916,5,2026-04-28 00:02:00,i like it 😁
Rahma Wulan,3,2026-04-27 23:17:19,"padahal data sudah sesuai tapi tetap aja gabisa Lanjut ke halaman berikutnya. selalu ""Pastikan data diri sesuai dengan ekpt"""
Ahmad Yusuf Faizin 12B SMK Purnama Tempuran,1,2026-04-27 23:16:59,"aplikasi gak bisa dibuka selalu force slosed sendiri, padahal sebelum nya tahun 2024 aman aja di android 7 armv7a bisa berjalan. mohon di update bug. nya"
Abdul Salam,1,2026-04-27 22:25:02,"sudah berulang kali aplikasi ini di donlowad di hapus di donlowad tapi tetap tdk bisa terbuka, kalau aplikasinya di buka cuma tampil layar putih lalu keluar kembali. Membosankan."
Hari Saptono,5,2026-04-27 20:09:01,bagus sekali
Heroe Sinaga,1,2026-04-27 18:42:36,buka aplikasi langsung terhenti mendadak...secara ber ulang
Annisa “Nissa” Shabaniah,5,2026-04-27 16:45:10,terima kasih sdh menjadi teman terbaik selama masih di pekerjaan... dan untuk kelanjutan untuk BPJS jaminan hari tua lebih transparan lagi Bos. Terima kasih 🙏🙏🙏
april,4,2026-04-27 16:18:21,tidak bisa terbuka aplikasinya
Dewi Apriliana,5,2026-04-27 14:37:32,sangat bagus & membantu
Anali Fadhli,5,2026-04-27 14:13:25,mantap
Rian Darko,1,2026-04-27 13:41:11,"aplikasi sangat konyol ,gak bisa di semua OS .aplikasi jmo ini selalu mental gak bisa di buka plis developer nya bisa kerja ga ya aplikasi sekelas pemerintah kok di batasi"
rahmat tomang,1,2026-04-27 13:26:02,aneh...E mail w ga terdaftar..ko bisa .
rudi santoso,5,2026-04-27 12:44:48,makin cepat proses dan pelayananya praktis
Nunung Siswanto,5,2026-04-27 11:50:58,terimakasih
Ramos 72gar,5,2026-04-27 11:12:39,saya sdh install JMO Ketenagakerjaan tp knp tdk bisa dibuka aplikasinya?
irham fanani,1,2026-04-27 10:57:26,ngga bisa di buka aplikasinya
Abdull Aziz,5,2026-04-27 10:25:22,bagus
Andi Muis,3,2026-04-27 10:08:55,cape.tiap buka perbarui mulu
kd2 prince,1,2026-04-27 09:48:05,"kalau gagal solusinya, silahkan pakai calo,pasti lancar,"
Gede Some,5,2026-04-27 09:41:15,mantap
Chat di bantu sampai cair,5,2026-04-27 09:41:03,"JMO aplikasi sangat keren banget,sangat membantu ketika mau melakukan pencairan saldo JHT..Proses mudah tidak butuh waktu lama uang langsung masuk rekening pribadi..Buat yang mau klaim ada kendala boleh chat ke no di atas di bantu sampai cair ya..Terima kasih semoga ulasan ini bermanfaat..dan membantu yang mau melakukan prosea klaim saldo"
Inun Hanifah,5,2026-04-27 09:29:45,good
Mirza Arfian,5,2026-04-27 09:26:55,"waktu pengisian data pengklaiman ada form isi kota , tapi waktu saya mencari di pencarian kota sidoarjo, jawa timur ,kenapa aplikasi lsg mendadak loading lama ..... tolong"
AGUNG PRAMSUDIRO,5,2026-04-27 09:03:57,"mantab, pencairan mudah. barakallah"
Yudiansyah Syah,5,2026-04-27 08:45:34,klaim jht saya sudah di batalkan tpi kenapa statusnya masih menunggu verifikasi dokumen.
Ibnu Prawitno,5,2026-04-27 08:42:33,"Sangat mudah, sangat membantu"
abdul azis,5,2026-04-27 08:23:17,aplikasi nya sering mangalami crash
Dede Yati,1,2026-04-27 08:17:45,"jmo knapa sulit login ya selalu salah kata sandi dan username, padahal dari dulu bisa, dan tidak ada perubahan sandi"
Amrulah DB,1,2026-04-27 08:05:27,knp tidak bisa masuk akun sudah di tekan bergabung terus email bnr kata sandi benar Mash ga bisa benerin dong aplikasi nya
I Made Dwi Antara,2,2026-04-27 07:40:46,tidak bisa login email dan password sudah benar
Samuel Chris,5,2026-04-27 07:40:07,bagus
Shul Jalali,5,2026-04-27 07:29:58,sangat membantu
Ahmad Wawan,5,2026-04-27 07:21:49,baik
joels baesi,5,2026-04-27 07:15:54,bagus
Sri Untung,1,2026-04-27 07:05:41,"kenapa baru download jmo terus terhenti tidak bisa masuk ke aplikasi , mohon segera di perbaiki"
Wardi Ucup,4,2026-04-27 07:00:11,mempermudah cek saldo yg sudah ada..
Dwi Prayoga,1,2026-04-27 06:59:28,jangan mau di bodohi aku mencairkan saldo udah seminggu belum masuk rekening sampai sekarang
Andreas Lukita,5,2026-04-27 06:35:18,proses cepat dan mudah
Musda Via,1,2026-04-27 05:49:15,JMO trus berhenti.. d hp redmi 4x.. gmn mohon d perbaiki
Nanang Apri,5,2026-04-27 05:46:02,"klaim menjadi lebih melalui aplikasi JMO tidak perlu datang ke kantor cabang lagi dan proses nya cepat,ayo klaim melalui aplikasi JMO 👍"
iyan setiawan,5,2026-04-27 05:33:08,terbantu memudahkan
Desi Utami,3,2026-04-27 05:18:50,"sudah upgrade paling terbaru , pasword dan email sudah benar 100% tapi tidak bisa login sama sekali, cuma berhenti di halaman itu terus, agak mengecewakan sih jmo, saya mau cek dari minggu lalu sampai sekarang masih sama"
Hardie One,5,2026-04-27 05:00:25,"Proses pencairan cepat, verifikasi mudah, pelayananan bagus dihubungi via WA untuk klaim JHT. Pertahankan kualitas, terima kasih."
Sandy Sumala,5,2026-04-27 04:57:15,terbaik
Mauludi Isdhianto,5,2026-04-27 04:37:48,bagus sekali
kurniawan alfata,5,2026-04-27 04:31:05,keren sekarang aplikasi tidak ribet2 lagi
Logista Deny Saputra,5,2026-04-27 04:19:15,mudah
Zelmira Neily Faricha,5,2026-04-27 04:14:37,good
Alif Nur Gusti Legawa,5,2026-04-27 04:13:04,terima kasih
Muhammad fajar,1,2026-04-27 04:02:47,gak bisa login
Abeng Bule,1,2026-04-27 04:01:28,tidak bisa buka apj jmo karena terus memuat dan terus kembali
Alfi,5,2026-04-27 03:58:16,ok
Dwi Arnan,5,2026-04-27 03:47:09,Masuk pakai Android Huawei 80 mate tdk merespon kenapa ya
Azhar Apriansyah,5,2026-04-27 03:34:07,proses pelayanan cepat lewat aplikasi JMO
Sampe Risa,5,2026-04-27 03:30:50,sangat membantu sekali
Itha Corebima,5,2026-04-27 02:57:03,terbaik dan cepat prosesnya
Isna Apriadi (Blues),5,2026-04-27 02:37:47,josjus
HannaClaudia,5,2026-04-27 02:09:15,pelayanan bagus terimaksih bpjs pohuwato
Vahren,3,2026-04-27 02:07:15,kenapa aplikasi nya pas dibuka mental terus?? udah uninstal berkali-kali tapi tetap tidak bisa
Moh Mansur,5,2026-04-27 02:06:26,sangat membantu sekali
Senopra Pras,5,2026-04-27 01:32:31,sangat mudah digunakan
dadang supriyadi,5,2026-04-27 00:21:03,"Sejauh ini, lumayan bagus dan membantu dalam pencairan dana JHT"
Nanang Santoso,1,2026-04-27 00:14:19,aplikasi tidak bisa dibuka
Yessy Melia,1,2026-04-27 00:08:46,"aplikasi ribet, sudah klaim tapi uang tdk. masuk"
Iman Imanuel laro,5,2026-04-27 00:05:11,"aplikasinya tidak bisa di buka, mental terus"
Diah Wiranti,1,2026-04-26 23:31:09,"baru mau buka apk jmo tapi pas diklik langsung kembali lagi , jadi apk nya gak bisa dibuka sama sekali , tolong diperbaiki lagi"
DONSEM-81,3,2026-04-26 23:21:35,Ngga bisa login lagi gimna ini apk nya? aduh apakah lagi ada maintenance..???
dakocan jaran,1,2026-04-26 20:16:26,"ini kenapa ya kok gabisa cek rincian RSJHT bulan lalu,kenapa hanya muncul yg tahun yg lalu/sebelumnya,jadi kurang update untuk RSJHTnya"
Vita jayatama syafira,1,2026-04-26 18:41:35,kenapa ini qo JMO aku gak bisa dibuka
Gabriel J. Laia,5,2026-04-26 15:59:47,bagus
Batam Appa,1,2026-04-26 15:35:24,"kok gak bisa di akses aplikasinya, padahal dah di delete ulang2"
Iwan Kurniawan,5,2026-04-26 15:21:56,kenapa aplikasi tidak bisa dibuka setelah didownload?
Bang Rony,2,2026-04-26 14:11:20,aplikasi terhenti teruss....
luwie Asih,4,2026-04-26 13:53:02,"kenapa ga bisa login, sudah berkali2 malah muncul belum kata² anda belum terdaftar padahal tiap bulan bayar..."
Dierderos El,1,2026-04-26 13:47:34,layanan sangat buruk
linkin extand,1,2026-04-26 13:46:41,"aplikasi tidak bisa di buka di hp vivo ,dan OS12 tetap tidak bisa di buka"
Bang Nov,5,2026-04-26 13:35:25,"Tolong diperbaiki ketika pengisian NPWP 16 Digit dilapak asik tidak bisa,karena kolom hanya tersedia 15 Digit. NPWP terbaru sudah menyesuaikan NIK KTP 16 Digit."
Jajang Jayadi,1,2026-04-26 13:29:32,kenapa akun sy tidak bisa d buka padahal sudah masukin password dengan benar malah ngeleg g bisa d klik
Ismail Ismail,5,2026-04-26 12:59:05,kenapq JMO saya g bisa ke buka
Aroy hottua98,5,2026-04-26 11:58:30,bagus
Andalan Bosmu,4,2026-04-26 11:51:05,kenapa tidak bisa login ya
Galaxy A04e,5,2026-04-26 10:54:45,Dengan adanya JMO kita bisa melihat dan menyimpan dokumen penting..Mantaaap JMO Sukses 👍👍👍
Jhoni Sitorus,5,2026-04-26 10:31:11,sangat membantu
Dadank Wahyudin,1,2026-04-26 09:26:28,kenapa aplikasi ini tidak bisa di buka di hp saya?saya pake samsung A02
Black Semut Official,1,2026-04-26 09:22:36,Ini kenapa ya Aplikasi JMO gak bisa login? Email dan kata sandi padahal sudah benar?
Jenggo Saefulloh,5,2026-04-26 08:46:54,aplikasi ini sangat membantu..
Gus taf,5,2026-04-26 08:22:04,harus gmn cra nya lupa email
Tomi Atmanegara,5,2026-04-26 07:43:45,"sangat mudah bisa cair JHT secara online, tanpa Ribet dan sangat membantu sekali. Excellent."
Hendi Nurhamzah,5,2026-04-26 06:49:07,tidak bisa terbuka aplnya
semion 25,4,2026-04-26 06:24:28,"cepat, mudah, aman"
Nur Azizah,4,2026-04-26 05:59:18,bagus
Ahmad Rifai,4,2026-04-26 05:37:08,kacau jmo g bisa klik longin Padahal gmail dan pasport sudah bener..udah di uninstal ttp g bisa di klik longin kacau jmo.. aplikasi udah update terbaru.sangat parah
